[TOC]



# MySQL函数

>   必须掌握

MySQL数据库提供了丰富的函数，这些函数可以分为以下几类

*   数学函数
*   字符串函数
*   日期和时间函数
*   条件判断函数
*   系统信息函数
*   加密函数
*   格式化函数
*   。。。

## 数学函数

数学函数是MySQL库提供的内部函数。常见的数学函数可以用一张表来显示

|           函数            |                       作用                       |
| :-----------------------: | :----------------------------------------------: |
|         abs（x）          |                   求x的绝对值                    |
|  ceil（x），ceiling（x）  |            返回大于或等于x的最小整数             |
|        floor（x）         |            返回小于或等于x的最大整数             |
|         rand（）          |               返回0-1之间的随机数                |
|         rand（x）         |                      x种子                       |
|         sign（x）         |   获取x的符号，x是负数，0，整数分别返回-1,0,1    |
|          pi（）           |                    返回圆周率                    |
|      truncate（x,y）      |           返回数值x保留小数点后y为的值           |
|        round（x）         |          返回留x最近的整数（四舍五入）           |
|       round（x,y）        | 保留数值x小数点后y位的值，但截取时要进行四舍五入 |
| pow（x，y），power（x,y） |                   返回x的y次方                   |
|          sqrt(x)          |                  返回x的平方根                   |
|         exp（x）          |                  返回e的x次方根                  |
|        mod（x,y）         |               返回x除以y得到的余数               |
|         log（x）          |          返回自然对数，以e为底数的对数           |
|        log10（x）         |               返回以10为底数的对数               |
|       radians（x）        |                  把角度转成弧度                  |
|       degrees（x）        |                  把弧度转成角度                  |
|         sin（x）          |                      求正弦                      |
|         asin（x）         |                     求反正弦                     |
|         cos（x）          |                      求余弦                      |
|         acos（x）         |                     求反余弦                     |
|         tan（x）          |                    求正切函数                    |
| atan（x），atan2（x，y）  |                   求反正切函数                   |
|            cot            |                    求余切函数                    |

## 字符串函数

字符串函数是MySQL函数中最常用的一类函数。字符串函数主要用于处理字符串。

|                 函数                 |                             作用                             |
| :----------------------------------: | :----------------------------------------------------------: |
|           char_length（s）           |                    返回字符串s的字符长度                     |
|             length（s）              |                      返回字符串s的长度                       |
|        concat（s1,s2,..,sn）         |        将字符串s1，s2,到sn多个字符串合并成一个字符串         |
|     concat_ws（x，s1,s2,...,sn)      | 同上面的函数，但是在每个字符串上要加上字符x（从第二个字符开始） |
|        insert（s1,x,len,s2）         |         将字符串s2替换s1的x位置开始长度为len的字符串         |
|        upper（s），ucase（s）        |                            转大写                            |
|        lower（s），lcase（s）        |                            转小写                            |
|             left（s,n）              |                    返回字符串s的前n个字符                    |
|            right（s，n）             |                    返回字符串s的后n个字符                    |
|         lpad（s1，len，s2）          |        在s1的开始处，使用s2进行填充，填充后长度为len         |
|         rpad（s1，len，s2）          |        在S1的结尾处，使用S2进行填充，填充后长度为len         |
|              ltrim（s）              |                          去掉左空格                          |
|              rtrim（s）              |                          去掉有空格                          |
|              trim（s）               |                       去掉左右两边空格                       |
|          trim（s1 from s）           |             去掉字符串s中开始和结尾处的字符串s1              |
|            repeat（s，n）            |                       将字符串s重复n次                       |
|              space（n）              |                         返回n个空格                          |
|         replace（s，s1，s2）         |               使用字符串s2替换掉字符串s中的s1                |
|           strcmp（s1，s2）           |        比较字符串s1和s2的大小 1 0 -1代表大于等于小于         |
|        substring（s，n，len）        |          从字符串s中从n位置开始截取长度为len的字符           |
|             mid(s,n,len)             |                             同上                             |
| locate（s1，s），position（s1 in s） |               从字符串s中获取字符串s的开始位置               |
|            instr（s，s1）            |                             同上                             |
|             reverse（s）             |                             反转                             |
|           elt（n，s1，s2）           |                       返回第n个字符串                        |
|          field（s，s1，s2）          |            返回第一个与字符串s匹配的字符串的位置             |



```mysql
# 获取字符的长度.字符长度不等于内存空间大小。
# 每个字符串都会以\0结尾 \0占据一个字节的空间大小
select CHAR_LENGTH("abc ");
# 求得是字符数。而不是指占用空间
select LENGTH('abc ');
# 字符串拼接（必须知道）
select CONCAT("abc","def");
# 字符串拼接2
select CONCAT_WS('$',"a","b","c","d");
# 替换指定位置，指定长度的字符串
select INSERT("abcdef",2,3,"");
# 大小写转换
select upper('A');
select LOWER('A');
# 返回前后指定的字符
select left('abcdefg',3);
select right('abcdefg',3);
# 填充 如果原始字符串长度不超过填充后长度，则按照填充后长度进行填充
# 如果原始长度超过了填充后长度，则按照填充后长度从左开始截取。
select lpad('abc',5,'0');
select rpad('abcdef',5,'0');
select TRIM("abc" from "abczzzabc");
# 替换
select REPLACE("HelloWorld","ll","dd");
# 大小比较
select STRCMP("Hello1","Hello");
select STRCMP("cbaaa","cza");
# 求下标
select locate("lo","helloworld");
select locate("lo","helloworldhelloworld");

# 反转
select REVERSE("HelloWorld!");
select REVERSE("周导");
select length('中国');
select CHAR_LENGTH('中');
select CHAR_LENGTH('中国');

# 求位置 filed（s,s1,s2,s3,...,sn）从s1-sn中找s的第一次出现位置
select FIELD("he","you","me","he","my");

# elt
select ELT(2,"me","my","mm","gg");
```

# MySQL索引

>   了解

索引是一种特殊的数据结构，可以用来快速查询数据库中特定记录。索引是提供数据库系统能重要方式之一。MySQL中所有的数据类型都可以被索引。MySQL的索引可以分为以下几类

*   普通索引
*   唯一性索引
*   全文索引
*   单列索引
*   多列索引
*   空间索引

## 什么是索引

索引是由数据表中一列多多列组合而成，其作用是提高数据的查询速度。索引是建立在表上的。通过索引在查询数据时没必要读完所有的信息，只是查询索引列，否则数据库系统将会读取每条记录的所有信息进行匹配。

不同的存储引擎定义每个表的最大索引数和最大索引长度。所有存储引擎对每张表至少支持16个索引，总索引长度至少为256字节，有些存储引擎支持更多的索引和更长的索引长度。

MySQL支持两种索引引擎

*   B型树索引（BTree）
*   哈希索引（Hash）

InnoDB和MyISAM存储引擎支持BTree索引，而MEMORY存储引擎支持Hash索引和BTree索引，默认是前者。

## 索引的优缺点

索引的优点

*   提高检索数据的速度，这是创建索引的主要原因。
    *   对于有依赖关系的父子表的连接查询
    *   对于分组和排序子句进行查询

索引的缺点

*   索引的创建和维护是需要消耗资源和时间的。消耗的量随着数据量的增加而增加
*   索引是需要占据物理存储空间，每一个索引都需要占有一定的物理空间。增加，删除，修改数据时，需要动态的维护索引。造成数据的维护速度降低。

索引可以提供查询的速度，但是会影响插入记录的速度。因为向有索引的表中插入记录时，数据库系统会按照索引进行排序，这样会降低插入的速度，特别是在插入大量数据时最为明显。一般遇到这种情况我们都选择先删除已有的索引，再插入数据，最后再重建索引。

## 索引的分类

### 普通索引

在建立普通索引时，不添加任何附加条件。这类索引可以建立在所有的数据类型上，值是否唯一，是否非空由字段本身的完整性约束条件来决定。一旦建立了该索引，查询时通过索引来查询。比如我们有表Student，当我们给StudentID字段建立索引后，我们对Student表的任何查询都是通过匹配StudentID来实现的，不会对每条记录的所有数据信息匹配。

### 唯一性索引

在建立索引时使用参数unique，那该索引就是唯一性索引。该索引的值唯一。主键是特殊的唯一性索引。

### 全文索引

使用FullText作为参数来创建的索引。全文索引只能建立在文本类型的字段上。比如char varchar和text。在MySQL3以后的版本中只有MyISAM是支持全文索引的。默认情况下全文索引的执行方式是不区分大小写。但索引的列使用二进制进行排序后，可以执行区分大小写的全文索引。

### 单列索引

在表中单个字段上建立的索引就是单利索引。单列索引可以是唯一性索引，可以是全文索引，可以是默认索引。只要保证一点：只有一个字段就可以。

### 多列索引

区别于单列索引，多列索引是建立在多个类上的，其它一样。

### 空间索引

>   初学者了解就行。

使用参数SPATIAL建立的就是空间索引，空间索引只能建立在空间数据类型上。空间数据类型有

*   Geometry
*   Point
*   Linestring
*   Polygon

在5.5的版本时只有MyISAM才支持空间索引，并且字段的值必须不为空。

## 如何设计索引

索引设计需要遵守一些基本原则

*   选择唯一性索引
*   为经常需要排序，分组和连接查询的字段建立索引
*   为常作为查询条件的字段建立索引
*   限制索引的数目
*   尽量使用数据量少的索引
*   尽量使用前缀来索引
*   删除不再使用或者很少使用的索引

## 如何创建索引

在所有的数据库中：MySQL Oracle（只要是符合SQL92）的都支持这套写法具体语法是

```mysql
create table 表名（
	属性 数据类型 [完整性约束条件],
	属性 数据类型 [完整性约束条件],
	属性 数据类型 [完整性约束条件],
	[unique][fulltext][spatial] index|key [别名] （属性名 [(长度)][ASC|DESC]）
	
）；
```

### 创建普通索引

建立表_user并在建表时，加入普通索引

```mysql
mysql> show create table _user\G;
*************************** 1. row ***************************
       Table: _user
Create Table: CREATE TABLE `_user` (
  `id` int(11) DEFAULT NULL,
  `name` varchar(50) DEFAULT NULL,
  `sex` tinyint(1) DEFAULT NULL,
  KEY `id` (`id`)
) ENGINE=InnoDB DEFAULT CHARSET=utf8
1 row in set (0.00 sec)
```

通过如下的查询我们可以发现key：id代表索引已经在工作了！

```
mysql> explain select * from _user where id = 1\G;
*************************** 1. row ***************************
           id: 1
  select_type: SIMPLE
        table: _user
   partitions: NULL
         type: ref
possible_keys: id
          key: id
      key_len: 5
          ref: const
         rows: 1
     filtered: 100.00
        Extra: NULL
1 row in set, 1 warning (0.00 sec)
```





## 如何删除索引

使用drop来删除索引，它的语法格式为

```mysql
drop index 索引名 on 表名；
```

如果在建立索引时，没有指定名称可以通过如下语句来查看索引名称

```mysql
show create table 表名；
```

# MySQL视图

>   了解

视图是从一张表或多张表中导出来的虚拟表。它像一个窗口通过这个窗口可以看到窗口给看的数据。

视图以SQL语句的形式保存在数据库系统中，它不会保存数据，只是一组SQL的查询语句。

视图的目的是为了保障数据库系统的安全。

通过一张表来创建视图，我们可以通过视图来对原始表进行增删改查。如果是通过多张表来创建的视图，只可以通过视图来查询数据。

## 创建视图

创建视图的语法是通过Create View来实现的。（准确说视图对象就是View），具体语法如下 

```mysql
create [algorithm={undefined|merge|temptable}] view 视图名称 [{属性列表}] as select 语句 [with [cascaded|local] check option]
```

*   algorithm 是可选参数，表示视图的选择算法。一般都是默认
*   属性列表 指明视图中的字段有哪些。这些字段完全是通过后面的select语句查询得到的。
*   select 语句 一个完整的查询语句
*   cascade 更新视图时需要满足所有相关视图和表的条件
*   local 更新视图时只需要满足视图本身的定义条件就可以。

在建立视图时最好加上with check option并且最好配合cascaded使用。这样从表或视图上派生出来的新视图，我们对新视图更新数据时，要考虑父表或者父视图的约束条件。这样可以保证数据的安全性

以当前_user表为例建立视图只含有id和name字段

```mysql
mysql> desc _user;
+-------+-------------+------+-----+---------+-------+
| Field | Type        | Null | Key | Default | Extra |
+-------+-------------+------+-----+---------+-------+
| id    | int(11)     | YES  | MUL | NULL    |       |
| name  | varchar(50) | YES  |     | NULL    |       |
| sex   | tinyint(1)  | YES  |     | NULL    |       |
+-------+-------------+------+-----+---------+-------+
3 rows in set (0.00 sec)

mysql> select * from _user;
+------+--------+------+
| id   | name   | sex  |
+------+--------+------+
|    1 | 张三   |    1 |
|    2 | 李四   |    1 |
|    4 | AA     |    1 |
|    1 | a      |    1 |
+------+--------+------+
4 rows in set (0.00 sec)

```

建立视图

```mysql
mysql> create view user_view as select id,name from _user ;
Query OK, 0 rows affected (0.16 sec)

mysql> desc user_view;
+-------+-------------+------+-----+---------+-------+
| Field | Type        | Null | Key | Default | Extra |
+-------+-------------+------+-----+---------+-------+
| id    | int(11)     | YES  |     | NULL    |       |
| name  | varchar(50) | YES  |     | NULL    |       |
+-------+-------------+------+-----+---------+-------+
2 rows in set (0.01 sec)

mysql>
mysql> select * from user_view;
+------+--------+
| id   | name   |
+------+--------+
|    1 | 张三   |
|    2 | 李四   |
|    4 | AA     |
|    1 | a      |
+------+--------+
4 rows in set (0.00 sec)

```

我们来更新视图中的数据，并查看原表是否有影响，具体语句如下

```mysql
mysql> delete from user_view where name = 'a';
Query OK, 1 row affected (0.16 sec)

mysql> select * from user_view;
+------+--------+
| id   | name   |
+------+--------+
|    1 | 张三   |
|    2 | 李四   |
|    4 | AA     |
+------+--------+
3 rows in set (0.00 sec)

mysql> select * from _user;
+------+--------+------+
| id   | name   | sex  |
+------+--------+------+
|    1 | 张三   |    1 |
|    2 | 李四   |    1 |
|    4 | AA     |    1 |
+------+--------+------+
3 rows in set (0.00 sec)

mysql>
```

通过删除语句我们可以发现对视图的操作会反馈到原有表上。这一点仅限单表所建立的视图。

## 查看视图

我们可以通过两种方式来查看视图

```mysql
mysql> desc user_view;
+-------+-------------+------+-----+---------+-------+
| Field | Type        | Null | Key | Default | Extra |
+-------+-------------+------+-----+---------+-------+
| id    | int(11)     | YES  |     | NULL    |       |
| name  | varchar(50) | YES  |     | NULL    |       |
+-------+-------------+------+-----+---------+-------+
2 rows in set (0.00 sec)
```

或者使用show语句

```mysql
mysql> show create view user_view\G;
*************************** 1. row ***************************
                View: user_view
         Create View: CREATE ALGORITHM=UNDEFINED DEFINER=`root`@`localhost` SQL SECURITY DEFINER VIEW `u
ser_view` AS select `_user`.`id` AS `id`,`_user`.`name` AS `name` from `_user`
character_set_client: utf8mb4
collation_connection: utf8mb4_0900_ai_ci
1 row in set (0.00 sec)

ERROR:
No query specified

mysql>
```

## 修改视图

修改视图和建立视图一样，区别在于开头写法不一样使用的是不是create而是create or replace

```mysql
mysql> create or replace view  user_view as select * from _user;
Query OK, 0 rows affected (0.21 sec)

mysql> desc user_view;
+-------+-------------+------+-----+---------+-------+
| Field | Type        | Null | Key | Default | Extra |
+-------+-------------+------+-----+---------+-------+
| id    | int(11)     | YES  |     | NULL    |       |
| name  | varchar(50) | YES  |     | NULL    |       |
| sex   | tinyint(1)  | YES  |     | NULL    |       |
+-------+-------------+------+-----+---------+-------+
3 rows in set (0.01 sec)

mysql>

```

当然也可以通过alter语句来进行修改。

## 删除视图

删除视图和删除表一样都使用drop语句。

```mysql
mysql> desc user_view;
+-------+-------------+------+-----+---------+-------+
| Field | Type        | Null | Key | Default | Extra |
+-------+-------------+------+-----+---------+-------+
| id    | int(11)     | YES  |     | NULL    |       |
| name  | varchar(50) | YES  |     | NULL    |       |
| sex   | tinyint(1)  | YES  |     | NULL    |       |
+-------+-------------+------+-----+---------+-------+
3 rows in set (0.01 sec)

mysql> drop view if exists user_view;
Query OK, 0 rows affected (0.21 sec)

mysql> desc user_view;
ERROR 1146 (42S02): Table 'tc35.user_view' doesn't exist
mysql>


```

# MySQL触发器

>   了解

触发器（Trigger）是由事件来触发某个操作。这些事件包括Insert语句，Update语句和Delete语句。当数据库执行这些操作时，就会激活触发器来执行相应的操作。MySQL是从5.0.2开始支持触发器的

## 创建触发器

创建语句如下

```mysql
create trigger 触发器名 before|after 触发事件 on 表名 for each row 执行语句。
```

*   触发器名就是要创建的触发器的名字
*   before和after指定了触发器的执行时间
*   触发事件 指定触发的条件就是insert update delete
*   表名 触发操作的表的名称
*   for each row 表示任何一条记录上的操作满足触发事件都会触发触发器。
*   执行语句 触发器被触发后要执行的内容

```mysql
#使用测试表_user
mysql> select * from _user;
+------+--------+------+
| id   | name   | sex  |
+------+--------+------+
|    1 | 张三   |    1 |
|    2 | 李四   |    1 |
|    3 | 王五   |    1 |
|    3 | 王五   |    1 |
+------+--------+------+
4 rows in set (0.00 sec)
```

现在给该表添加触发器

```mysql
mysql> show tables;
+----------------+
| Tables_in_tc35 |
+----------------+
| _user          |
| test           |
+----------------+
2 rows in set (0.00 sec)

mysql> create trigger tg after insert on _user for each row insert into test values(1,now());
Query OK, 0 rows affected (0.22 sec)

mysql> select * from test;
Empty set (0.00 sec)

mysql> select * from _user;
+------+--------+------+
| id   | name   | sex  |
+------+--------+------+
|    1 | 张三   |    1 |
|    2 | 李四   |    1 |
|    3 | 王五   |    1 |
|    3 | 王五   |    1 |
+------+--------+------+
4 rows in set (0.00 sec)

mysql> insert into _user values(4,'AA',1);
Query OK, 1 row affected (0.24 sec)

mysql> select * from _user;
+------+--------+------+
| id   | name   | sex  |
+------+--------+------+
|    1 | 张三   |    1 |
|    2 | 李四   |    1 |
|    3 | 王五   |    1 |
|    3 | 王五   |    1 |
|    4 | AA     |    1 |
+------+--------+------+
5 rows in set (0.00 sec)

mysql> select * from test;
+------+---------------------+
| id   | time                |
+------+---------------------+
|    1 | 2018-11-13 15:49:23 |
+------+---------------------+
1 row in set (0.00 sec)

mysql>

```

## 多执行语句的触发器

上面所建立的触发器它的执行语句只有一条，如果想执行多条略微有点不一样。可以把整个过程分为3个步骤

1.  修改语句结束执行的符号
2.  创建触发器
3.  把结束执行的符号改回原来

因为在一般情况下MySQL默认是以分号；作为结束执行语句的。当触发器的执行体中有多条语句时，一定会使用分号间隔，所以需要告诉MySQL，这里不是结束只是分隔。

```mysql
mysql> delimiter &&
mysql> select * from test;
    -> &&
+------+---------------------+
| id   | time                |
+------+---------------------+
|    1 | 2018-11-13 15:49:23 |
+------+---------------------+
1 row in set (0.00 sec)

mysql>
```

从上面执行效果可以看出，原本该结束的语句没有结束，在等待结束符号。这就表明我们的修改是有效的。

```mysql
mysql> delimiter &&
mysql> create trigger tg2 before insert on _user for each row
    -> begin
    -> insert into test(id) values(2);
    -> insert into test(time) values(now());
    -> end
    -> &&
Query OK, 0 rows affected (0.22 sec)

mysql> delimiter ;
mysql> select * from test;
+------+---------------------+
| id   | time                |
+------+---------------------+
|    1 | 2018-11-13 15:49:23 |
+------+---------------------+
1 row in set (0.00 sec)

mysql> insert into _user values(1,'a',1);
Query OK, 1 row affected (0.10 sec)

mysql> select * from test;
+------+---------------------+
| id   | time                |
+------+---------------------+
|    1 | 2018-11-13 15:49:23 |
|    2 | NULL                |
| NULL | 2018-11-13 16:02:46 |
|    1 | 2018-11-13 16:02:46 |
+------+---------------------+
4 rows in set (0.00 sec)

mysql>
```

## 查看触发器

通过show关键字来查看触发器

```mysql
mysql> show triggers \G;
*************************** 1. row ***************************
             Trigger: tg2
               Event: INSERT
               Table: _user
           Statement: begin
insert into test(id) values(2);
insert into test(time) values(now());
end
              Timing: BEFORE
             Created: 2018-11-13 16:02:19.11
            sql_mode: ONLY_FULL_GROUP_BY,STRICT_TRANS_TABLES,NO_ZERO_IN_DATE,NO_ZERO_DATE,ERROR_FOR_DIVI
SION_BY_ZERO,NO_ENGINE_SUBSTITUTION
             Definer: root@localhost
character_set_client: utf8mb4
collation_connection: utf8mb4_0900_ai_ci
  Database Collation: utf8_general_ci
*************************** 2. row ***************************
             Trigger: tg
               Event: INSERT
               Table: _user
           Statement: insert into test values(1,now())
              Timing: AFTER
             Created: 2018-11-13 15:48:53.18
            sql_mode: ONLY_FULL_GROUP_BY,STRICT_TRANS_TABLES,NO_ZERO_IN_DATE,NO_ZERO_DATE,ERROR_FOR_DIVI
SION_BY_ZERO,NO_ENGINE_SUBSTITUTION
             Definer: root@localhost
character_set_client: utf8mb4
collation_connection: utf8mb4_0900_ai_ci
  Database Collation: utf8_general_ci
2 rows in set (0.00 sec)

```

##    删除触发器

删除使用Drop关键字

```mysql
mysql> drop trigger tg;
Query OK, 0 rows affected (0.18 sec)

mysql> show triggers \G;
*************************** 1. row ***************************
             Trigger: tg2
               Event: INSERT
               Table: _user
           Statement: begin
insert into test(id) values(2);
insert into test(time) values(now());
end
              Timing: BEFORE
             Created: 2018-11-13 16:02:19.11
            sql_mode: ONLY_FULL_GROUP_BY,STRICT_TRANS_TABLES,NO_ZERO_IN_DATE,NO_ZERO_DATE,ERROR_FOR_DIVI
SION_BY_ZERO,NO_ENGINE_SUBSTITUTION
             Definer: root@localhost
character_set_client: utf8mb4
collation_connection: utf8mb4_0900_ai_ci
  Database Collation: utf8_general_ci
1 row in set (0.00 sec)
```


# 预习

1.  XML（必须掌握）
    1.  DOM
    2.  SAX
    3.  DOM4J（重中之重）
2.  JDBC的基本操作
3.  对JDBC进行封装成模板操作
4.  事务



# 参考

1.  [触发器-1](https://www.cnblogs.com/phpper/p/7587031.html)
2.  [触发器-2](https://www.cnblogs.com/northeastTycoon/p/9405147.html)